{
    "timestamp" : 1585573877101,
    "revision" : {
        "HEAD" : "c1df61883cad84f4bd0b28c34e54a490d0522280",
        "currentBranch" : "HEAD",
        "knownReferences" : [{
            "name" : "origin",
            "url" : "https://github.com/Kieler/KLighD.git",
            "ref" : "releases-2020-03-1.1.0"
        }]
    },
    "properties" : {
        "TARGET_PLATFORM_VERSION_MAXIMUM" : "null",
        "java.version" : "1.8.0_222",
        "user.dir" : "/var/jenkins_home/workspace/KLighD_releases-2020-03-1.1.0",
        "os.arch" : "amd64",
        "RELEASE" : "null",
        "BUILD_ALIAS" : "null",
        "JOB_NAME" : "null",
        "os.version" : "4.14.22+",
        "BUILD_NUMBER" : "null",
        "TARGET_PLATFORM_VERSION" : "null",
        "NODE_NAME" : "null",
        "HOSTNAME" : "oss-jenkins-6dff5dc4f5-fzsmb",
        "java.vendor" : "Oracle Corporation",
        "os.name" : "Linux",
        "ZIPSUFFIX" : "null",
        "WORKSPACE" : "/var/jenkins_home/workspace/KLighD_releases-2020-03-1.1.0"
    },
    "upstream" : null
}